[
  {
    "id": "MC1754547545561",
    "name": "MC30",
    "job": "Nozzle",
    "interval": 3300,
    "note": "ปั้ม OK  และเก็บงานใส่กล่อง",
    "botToken": "7357013239:AAFaYIcAnFwK4p-Uca8YSWTwbKfgzDLGAn4",
    "chatId": "-4750402088",
    "remaining": -321,
    "isRunning": true,
    "alertSounded": true,
    "createdAt": 1754547545562,
    "isOverdue": true,
    "progress": 100,
    "formattedTime": "+05:21"
  },
  {
    "id": "MC1754548112346",
    "name": "MC35",
    "job": "HOLDER-A / HOLDER-B",
    "interval": 3600,
    "note": "อย่าทับกันเยอะ เสียรูป",
    "botToken": "7357013239:AAFaYIcAnFwK4p-Uca8YSWTwbKfgzDLGAn4",
    "chatId": "-4750402088",
    "remaining": 2183,
    "isRunning": true,
    "alertSounded": false,
    "createdAt": 1754548112346,
    "isOverdue": false,
    "progress": 39.361111111111114,
    "formattedTime": "36:23"
  },
  {
    "id": "MC1754548196372",
    "name": "MC24",
    "job": "N-Casing-U 483N",
    "interval": 1800,
    "note": "ต้องรีบเก็บงานงอ",
    "botToken": "7357013239:AAFaYIcAnFwK4p-Uca8YSWTwbKfgzDLGAn4",
    "chatId": "-4750402088",
    "remaining": 384,
    "isRunning": true,
    "alertSounded": false,
    "createdAt": 1754548196372,
    "isOverdue": false,
    "progress": 78.66666666666666,
    "formattedTime": "06:24"
  }
]